{
    "xxx.png": {
        "rating": 1500.0,
        "rd": 253.40459638928985,
        "vol": 0.05999698108407808
    },
    "a.png": {
        "rating": 1252.6819167554638,
        "rd": 253.40460822505193,
        "vol": 0.06000301994445017
    },
    "zzz.png": {
        "rating": 1747.3180832445362,
        "rd": 253.40460822505193,
        "vol": 0.06000301994445017
    }
}